{
  "accuracy": [
    0.39257773756980896,
    0.38734596967697144,
    0.3973694443702698,
    0.39169764518737793,
    0.3904752731323242,
    0.3907197415828705,
    0.39096421003341675,
    0.3938490152359009,
    0.3915998339653015,
    0.39487579464912415,
    0.3974672257900238,
    0.4046548008918762,
    0.4042147397994995,
    0.40753960609436035,
    0.40235674381256104,
    0.3952180743217468,
    0.40118324756622314,
    0.40797966718673706,
    0.39644044637680054,
    0.40915313363075256,
    0.41110894083976746,
    0.4053882360458374,
    0.41032662987709045,
    0.4131625294685364,
    0.40993544459342957,
    0.4057793915271759,
    0.4041169583797455,
    0.40719732642173767,
    0.40294349193573,
    0.41233131289482117,
    0.4058282673358917,
    0.4092998206615448,
    0.4069528579711914,
    0.41335809230804443,
    0.4160473346710205,
    0.4023078382015228,
    0.403725802898407,
    0.4144826829433441,
    0.40631723403930664,
    0.40485039353370667,
    0.41150009632110596
  ],
  "loss": [
    1.649568796157837,
    1.6674184799194336,
    1.6378811597824097,
    1.6538207530975342,
    1.656801462173462,
    1.656680703163147,
    1.6456305980682373,
    1.6455943584442139,
    1.658014178276062,
    1.6386256217956543,
    1.6337701082229614,
    1.6212003231048584,
    1.6336169242858887,
    1.6282223463058472,
    1.6314927339553833,
    1.6348896026611328,
    1.6272927522659302,
    1.6229393482208252,
    1.6271833181381226,
    1.6036428213119507,
    1.6147668361663818,
    1.6162397861480713,
    1.6040306091308594,
    1.5924279689788818,
    1.6046786308288574,
    1.6142959594726562,
    1.6156333684921265,
    1.6085703372955322,
    1.614724040031433,
    1.597768783569336,
    1.6107248067855835,
    1.6046162843704224,
    1.618341088294983,
    1.5949335098266602,
    1.5872470140457153,
    1.6188979148864746,
    1.6149604320526123,
    1.5860979557037354,
    1.6105784177780151,
    1.6127017736434937,
    1.6019538640975952
  ],
  "val_accuracy": [
    0.8578717112541199,
    0.8473032116889954,
    0.8494898080825806,
    0.8602405190467834,
    0.8564140200614929,
    0.8476676344871521,
    0.8587828278541565,
    0.8578717112541199,
    0.853863000869751,
    0.8669825196266174,
    0.8620626926422119,
    0.8669825196266174,
    0.8644315004348755,
    0.870809018611908,
    0.8689869046211243,
    0.8717201352119446,
    0.8739067316055298,
    0.8669825196266174,
    0.8715379238128662,
    0.8709912300109863,
    0.8717201352119446,
    0.8731778264045715,
    0.8733600378036499,
    0.8764577507972717,
    0.8775510191917419,
    0.8726311922073364,
    0.8760932683944702,
    0.8729956150054932,
    0.8773688077926636,
    0.8771865963935852,
    0.8766399621963501,
    0.8779154419898987,
    0.8760932683944702,
    0.8782798647880554,
    0.8766399621963501,
    0.8784620761871338,
    0.8797376155853271,
    0.8808308839797974,
    0.8813775777816772,
    0.8802842497825623,
    0.8808308839797974
  ],
  "val_loss": [
    0.5034974217414856,
    0.5219937562942505,
    0.5034582018852234,
    0.48578551411628723,
    0.488057404756546,
    0.5072156190872192,
    0.4713585376739502,
    0.4770829975605011,
    0.49228435754776,
    0.4795719087123871,
    0.47125038504600525,
    0.46453914046287537,
    0.4600522220134735,
    0.46535685658454895,
    0.4550400972366333,
    0.4649812877178192,
    0.455667644739151,
    0.45678648352622986,
    0.44411662220954895,
    0.4486464262008667,
    0.44113898277282715,
    0.4474324882030487,
    0.4331570267677307,
    0.43822798132896423,
    0.4328084886074066,
    0.4468167722225189,
    0.4428844451904297,
    0.4420277178287506,
    0.4375901222229004,
    0.43330878019332886,
    0.43298473954200745,
    0.432701975107193,
    0.4339527189731598,
    0.4276544749736786,
    0.4294240474700928,
    0.4317598044872284,
    0.4334200322628021,
    0.4310967028141022,
    0.42986372113227844,
    0.43073776364326477,
    0.4309186041355133
  ],
  "final_val_accuracy": 0.8782798647880554,
  "final_val_loss": 0.4276544749736786,
  "timestamp": "2025-12-26T20:40:47.760495",
  "config": {
    "cpu": "Intel Core i5-13420H (8 cores)",
    "ram": "16GB",
    "img_size": 224,
    "batch_size": 32,
    "epochs": 50,
    "learning_rate": 0.001,
    "training_samples": 20452,
    "validation_samples": 5488,
    "num_classes": 11,
    "classes": [
      "Tomato___Bacterial_spot",
      "Tomato___Early_blight",
      "Tomato___Late_blight",
      "Tomato___Leaf_Mold",
      "Tomato___Septoria_leaf_spot",
      "Tomato___Spider_mites Two-spotted_spider_mite",
      "Tomato___Target_Spot",
      "Tomato___Tomato_Yellow_Leaf_Curl_Virus",
      "Tomato___Tomato_mosaic_virus",
      "Tomato___healthy",
      "Unidentified"
    ],
    "class_weights": {
      "0": 1.092404657622049,
      "1": 0.9683712121212121,
      "2": 1.0044693286184372,
      "3": 0.9879238720896532,
      "4": 1.0654858035946861,
      "5": 1.0679337893582581,
      "6": 1.0176643280091555,
      "7": 0.948124797181401,
      "8": 1.038699847638395,
      "9": 0.965354479373171,
      "10": 0.8824265435561116
    },
    "imbalance_ratio": 1.237955346650999,
    "optimizations": [
      "class_weight_balancing",
      "outdoor_augmentation",
      "outdoor_noise_preprocessing",
      "increased_dropout",
      "spatial_dropout"
    ]
  }
}