{
  "accuracy": [
    0.6141208410263062,
    0.7228633165359497,
    0.7454527616500854,
    0.7649129629135132,
    0.7711226344108582,
    0.7786035537719727,
    0.7842264771461487,
    0.7966458201408386,
    0.79640132188797,
    0.79640132188797,
    0.8024154305458069,
    0.8034421801567078,
    0.8064736723899841,
    0.8138079643249512,
    0.8125366568565369,
    0.8159103989601135,
    0.8183552026748657,
    0.8191863894462585,
    0.8175239562988281,
    0.8223645687103271,
    0.8201642632484436,
    0.8226579427719116,
    0.8207999467849731,
    0.8297476768493652,
    0.8269118070602417,
    0.8379131555557251,
    0.844514012336731,
    0.8382554054260254,
    0.8427048921585083,
    0.8434382677078247,
    0.845491886138916,
    0.8461275100708008,
    0.8412380218505859,
    0.8476921319961548,
    0.8487678170204163
  ],
  "loss": [
    1.1183569431304932,
    0.7912993431091309,
    0.7276533246040344,
    0.6826282143592834,
    0.6601918935775757,
    0.6404557228088379,
    0.6231854557991028,
    0.6019694209098816,
    0.5956180095672607,
    0.5804356932640076,
    0.5689425468444824,
    0.5662293434143066,
    0.5609798431396484,
    0.542427122592926,
    0.5448279976844788,
    0.5351766347885132,
    0.5246642231941223,
    0.5242919921875,
    0.5325238704681396,
    0.513587236404419,
    0.5174071788787842,
    0.5134304761886597,
    0.5229390263557434,
    0.4985523819923401,
    0.5020694136619568,
    0.4773803949356079,
    0.45520976185798645,
    0.4644629955291748,
    0.4616019129753113,
    0.45198461413383484,
    0.4507083296775818,
    0.44287893176078796,
    0.45308995246887207,
    0.4422655403614044,
    0.44198232889175415
  ],
  "val_accuracy": [
    0.7614796161651611,
    0.7873542308807373,
    0.8237974047660828,
    0.8239796161651611,
    0.8447521924972534,
    0.8591472506523132,
    0.8560495376586914,
    0.8606049418449402,
    0.8593294620513916,
    0.8615160584449768,
    0.8686224222183228,
    0.869351327419281,
    0.8713557124137878,
    0.8684402108192444,
    0.8808308839797974,
    0.8735422492027283,
    0.8819242119789124,
    0.887390673160553,
    0.8819242119789124,
    0.8895772695541382,
    0.8855684995651245,
    0.8970481157302856,
    0.8855684995651245,
    0.8811953067779541,
    0.8830174803733826,
    0.8957725763320923,
    0.8948615193367004,
    0.8954081535339355,
    0.8935859799385071,
    0.8975947499275208,
    0.9017857313156128,
    0.8959547877311707,
    0.9005101919174194,
    0.8950437307357788,
    0.8932215571403503
  ],
  "val_loss": [
    0.6822973489761353,
    0.6002403497695923,
    0.5022355914115906,
    0.5056172013282776,
    0.4508848190307617,
    0.41516536474227905,
    0.41889888048171997,
    0.401777446269989,
    0.41102463006973267,
    0.4198325574398041,
    0.38415980339050293,
    0.38071897625923157,
    0.3607516288757324,
    0.38748565316200256,
    0.36098596453666687,
    0.3595256805419922,
    0.3511466383934021,
    0.33775174617767334,
    0.35683777928352356,
    0.33243876695632935,
    0.3395804166793823,
    0.31804358959198,
    0.33473190665245056,
    0.3474912643432617,
    0.3416531980037689,
    0.3093046545982361,
    0.3095787763595581,
    0.3001314699649811,
    0.3100346624851227,
    0.2984379231929779,
    0.2941783666610718,
    0.3074817657470703,
    0.2910543382167816,
    0.30543479323387146,
    0.3102008104324341
  ],
  "final_val_accuracy": 0.9005101919174194,
  "final_val_loss": 0.2910543382167816,
  "timestamp": "2025-11-16T02:25:38.580429",
  "config": {
    "img_size": 192,
    "batch_size": 20,
    "epochs": 35,
    "learning_rate": 0.0005,
    "training_samples": 20452,
    "validation_samples": 5488,
    "num_classes": 11,
    "classes": [
      "Tomato___Bacterial_spot",
      "Tomato___Early_blight",
      "Tomato___Late_blight",
      "Tomato___Leaf_Mold",
      "Tomato___Septoria_leaf_spot",
      "Tomato___Spider_mites Two-spotted_spider_mite",
      "Tomato___Target_Spot",
      "Tomato___Tomato_Yellow_Leaf_Curl_Virus",
      "Tomato___Tomato_mosaic_virus",
      "Tomato___healthy",
      "Unidentified"
    ]
  }
}