{
  "accuracy": [
    0.09026011824607849,
    0.09334050118923187,
    0.10116370022296906,
    0.1017504408955574,
    0.10243497043848038,
    0.10272833704948425,
    0.10272833704948425,
    0.10302171111106873,
    0.10297281295061111,
    0.10302171111106873,
    0.10307060182094574,
    0.10297281295061111,
    0.10297281295061111,
    0.10302171111106873,
    0.10302171111106873,
    0.10302171111106873,
    0.10302171111106873,
    0.10302171111106873,
    0.10302171111106873,
    0.10302171111106873,
    0.10302171111106873
  ],
  "loss": [
    2.671208143234253,
    2.412292242050171,
    2.4010322093963623,
    2.398822069168091,
    2.3973562717437744,
    2.397109031677246,
    2.396977424621582,
    2.3965232372283936,
    2.396366834640503,
    2.396365165710449,
    2.396369695663452,
    2.3964130878448486,
    2.3963916301727295,
    2.3963468074798584,
    2.3963100910186768,
    2.396334171295166,
    2.3963253498077393,
    2.3962268829345703,
    2.3962268829345703,
    2.396214485168457,
    2.3961684703826904
  ],
  "val_accuracy": [
    0.08746355772018433,
    0.16435860097408295,
    0.16454081237316132,
    0.16454081237316132,
    0.16454081237316132,
    0.16454081237316132,
    0.16454081237316132,
    0.16454081237316132,
    0.16454081237316132,
    0.16454081237316132,
    0.16454081237316132,
    0.16454081237316132,
    0.16454081237316132,
    0.16454081237316132,
    0.16454081237316132,
    0.16454081237316132,
    0.16454081237316132,
    0.16454081237316132,
    0.16454081237316132,
    0.16454081237316132,
    0.16454081237316132
  ],
  "val_loss": [
    2.398024320602417,
    2.392285108566284,
    2.3886616230010986,
    2.3886709213256836,
    2.387728214263916,
    2.388033866882324,
    2.388949155807495,
    2.3886077404022217,
    2.388453722000122,
    2.3876945972442627,
    2.3872478008270264,
    2.387876033782959,
    2.387113571166992,
    2.3866689205169678,
    2.38753080368042,
    2.3872203826904297,
    2.3877363204956055,
    2.3878345489501953,
    2.387742042541504,
    2.387463331222534,
    2.3874964714050293
  ],
  "final_val_accuracy": 0.16454081237316132,
  "final_val_loss": 2.3866689205169678,
  "training_duration": "7:51:57.429822",
  "timestamp": "2025-12-18T21:48:24.954544",
  "config": {
    "model": "EfficientNetB0",
    "img_size": 224,
    "batch_size": 8,
    "epochs": 50,
    "epochs_trained": 21,
    "learning_rate": 0.001,
    "training_samples": 20452,
    "validation_samples": 5488,
    "num_classes": 11,
    "classes": [
      "Tomato___Bacterial_spot",
      "Tomato___Early_blight",
      "Tomato___Late_blight",
      "Tomato___Leaf_Mold",
      "Tomato___Septoria_leaf_spot",
      "Tomato___Spider_mites Two-spotted_spider_mite",
      "Tomato___Target_Spot",
      "Tomato___Tomato_Yellow_Leaf_Curl_Virus",
      "Tomato___Tomato_mosaic_virus",
      "Tomato___healthy",
      "Unidentified"
    ]
  }
}